{
  "2": {
    "dimension": 2,
    "n_truths": 6,
    "initial_unresolved_dim": 1,
    "initial_singular_values": [
      0.388234406637047,
      0.05749795949312923
    ],
    "initial_tau": 0.0776468813274094,
    "summary": {
      "cartograph": {
        "avg_final_mse": 0.04635088184838563,
        "support_match_rate": 0.8333333333333334,
        "avg_one_step_regret": 0.052651564847854694,
        "hidden_best_match_rate": 0.3333333333333333,
        "sequence": [
          "E6",
          "E4",
          "E5",
          "E8",
          "E2",
          "E7",
          "E3",
          "E1"
        ]
      },
      "boed_aopt": {
        "avg_final_mse": 0.04635088184838563,
        "support_match_rate": 0.8333333333333334,
        "avg_one_step_regret": 0.052651564847854694,
        "hidden_best_match_rate": 0.3333333333333333,
        "sequence": [
          "E6",
          "E4",
          "E5",
          "E8",
          "E2",
          "E7",
          "E3",
          "E1"
        ]
      },
      "disagreement": {
        "avg_final_mse": 0.04635088184838562,
        "support_match_rate": 0.8333333333333334,
        "avg_one_step_regret": 0.052651564847854694,
        "hidden_best_match_rate": 0.3333333333333333,
        "sequence": [
          "E6",
          "E5",
          "E4",
          "E8",
          "E2",
          "E7",
          "E3",
          "E1"
        ]
      }
    },
    "random": {
      "expected_final_mse": 0.0474106014643637,
      "expected_support_match_rate": 0.8333333333333334
    },
    "hidden_best_records": [
      {
        "truth": "stage_1_only",
        "best_key": "E3",
        "best_loss": 3.412293546881496e-05,
        "candidate_losses": {
          "E1": 0.03987596786953466,
          "E2": 0.001759819390917753,
          "E3": 3.412293546881496e-05,
          "E4": 0.0004029943051171009,
          "E5": 0.07533335547019865,
          "E6": 8.862068276399942e-05,
          "E7": 0.0008118752294805677,
          "E8": 0.00036156960149252685
        }
      },
      {
        "truth": "mid_stage_only",
        "best_key": "E6",
        "best_loss": 3.3717961048299545e-05,
        "candidate_losses": {
          "E1": 0.007302840218550492,
          "E2": 0.004675700568404598,
          "E3": 0.7226496280233202,
          "E4": 0.0041995379607871735,
          "E5": 0.0027892310163226373,
          "E6": 3.3717961048299545e-05,
          "E7": 0.006232458225497454,
          "E8": 0.0033426527486090296
        }
      },
      {
        "truth": "late_stage_only",
        "best_key": "E6",
        "best_loss": 2.9040728663408132e-05,
        "candidate_losses": {
          "E1": 0.00010870043653345095,
          "E2": 0.0018747714762428857,
          "E3": 0.8557841819554067,
          "E4": 0.004512147547087461,
          "E5": 0.0029402295502979152,
          "E6": 2.9040728663408132e-05,
          "E7": 0.008023858022873033,
          "E8": 0.005982464325823084
        }
      },
      {
        "truth": "early_late_pair",
        "best_key": "E1",
        "best_loss": 0.0006081549418782164,
        "candidate_losses": {
          "E1": 0.0006081549418782164,
          "E2": 0.0034231395127897095,
          "E3": 1.0077068607950055,
          "E4": 0.18813596918182537,
          "E5": 0.13348562545562495,
          "E6": 0.1448211189412069,
          "E7": 0.004955550724836108,
          "E8": 0.0924974435210068
        }
      },
      {
        "truth": "spread_pair",
        "best_key": "E2",
        "best_loss": 0.004001664312503985,
        "candidate_losses": {
          "E1": 0.005448892789405971,
          "E2": 0.004001664312503985,
          "E3": 0.9988533473423512,
          "E4": 0.16109704714423953,
          "E5": 0.11706453132412081,
          "E6": 0.12710620926319074,
          "E7": 0.02919470529591391,
          "E8": 0.08002137584420459
        }
      },
      {
        "truth": "three_stage_mix",
        "best_key": "E2",
        "best_loss": 0.002207181715972014,
        "candidate_losses": {
          "E1": 0.0027920203854340337,
          "E2": 0.002207181715972014,
          "E3": 0.6243728204296224,
          "E4": 0.06198493429065889,
          "E5": 0.06768148461024472,
          "E6": 0.05074456410578954,
          "E7": 0.005141467262006039,
          "E8": 0.03352083897917608
        }
      }
    ]
  },
  "4": {
    "dimension": 4,
    "n_truths": 6,
    "initial_unresolved_dim": 3,
    "initial_singular_values": [
      0.3502064150057034,
      0.06937170967159734,
      0.0138783313545339,
      0.001712049407575878
    ],
    "initial_tau": 0.07004128300114068,
    "summary": {
      "cartograph": {
        "avg_final_mse": 0.331119265855629,
        "support_match_rate": 0.6666666666666666,
        "avg_one_step_regret": 0.3127246091458951,
        "hidden_best_match_rate": 0.0,
        "sequence": [
          "E6",
          "E5",
          "E8",
          "E7",
          "E4",
          "E3",
          "E2",
          "E1"
        ]
      },
      "boed_aopt": {
        "avg_final_mse": 0.33111926585560475,
        "support_match_rate": 0.6666666666666666,
        "avg_one_step_regret": 0.020433644422971194,
        "hidden_best_match_rate": 0.3333333333333333,
        "sequence": [
          "E8",
          "E6",
          "E5",
          "E7",
          "E4",
          "E3",
          "E2",
          "E1"
        ]
      },
      "disagreement": {
        "avg_final_mse": 0.331119265855629,
        "support_match_rate": 0.6666666666666666,
        "avg_one_step_regret": 0.3127246091458951,
        "hidden_best_match_rate": 0.0,
        "sequence": [
          "E6",
          "E5",
          "E8",
          "E4",
          "E7",
          "E3",
          "E2",
          "E1"
        ]
      }
    },
    "random": {
      "expected_final_mse": 0.20084434808469281,
      "expected_support_match_rate": 0.5341666666666667
    },
    "hidden_best_records": [
      {
        "truth": "stage_1_only",
        "best_key": "E7",
        "best_loss": 0.006737151874601285,
        "candidate_losses": {
          "E1": 0.013362068767802108,
          "E2": 0.5283090692203811,
          "E3": 0.01420046820990797,
          "E4": 0.01178153534723505,
          "E5": 0.6606509617515335,
          "E6": 0.20362753408107545,
          "E7": 0.006737151874601285,
          "E8": 0.02167367368952635
        }
      },
      {
        "truth": "mid_stage_only",
        "best_key": "E5",
        "best_loss": 0.0022731637932769905,
        "candidate_losses": {
          "E1": 0.13394787309346812,
          "E2": 0.07494545552404407,
          "E3": 3.6528931393896826,
          "E4": 0.002447893673480877,
          "E5": 0.0022731637932769905,
          "E6": 0.2871904174059999,
          "E7": 0.006517702600106608,
          "E8": 0.0033345005735818858
        }
      },
      {
        "truth": "late_stage_only",
        "best_key": "E8",
        "best_loss": 0.01122268593667356,
        "candidate_losses": {
          "E1": 0.2769293206150022,
          "E2": 0.21729349984563692,
          "E3": 0.22940841768496997,
          "E4": 0.02353479252783923,
          "E5": 0.34282679133564686,
          "E6": 0.40954360174651533,
          "E7": 0.027955644608764454,
          "E8": 0.01122268593667356
        }
      },
      {
        "truth": "early_late_pair",
        "best_key": "E8",
        "best_loss": 0.05939570303203408,
        "candidate_losses": {
          "E1": 0.39158547313968234,
          "E2": 0.8823262976969821,
          "E3": 0.2160612724616179,
          "E4": 0.09315161082911408,
          "E5": 1.0589960963672524,
          "E6": 0.36280954489106193,
          "E7": 0.06962195358287081,
          "E8": 0.05939570303203408
        }
      },
      {
        "truth": "spread_pair",
        "best_key": "E4",
        "best_loss": 0.07619038402169755,
        "candidate_losses": {
          "E1": 0.2571047568652863,
          "E2": 0.14140644740396843,