{
  "d2_k1": {
    "d": 2,
    "k": 1,
    "n_instances": 500,
    "agree_rate": 0.452,
    "disagree_rate": 0.548,
    "proj_cart_win_given_disagree": 1.0,
    "rank_cart_win_given_disagree": 0.7627737226277372,
    "rank_disag_win_given_disagree": 0.23722627737226276,
    "overall_proj_advantage": 0.548,
    "overall_rank_advantage": 0.41800000000000004,
    "mean_useful_fraction": 0.5006634091026556
  },
  "d3_k1": {
    "d": 3,
    "k": 1,
    "n_instances": 500,
    "agree_rate": 0.364,
    "disagree_rate": 0.636,
    "proj_cart_win_given_disagree": 1.0,
    "rank_cart_win_given_disagree": 0.7169811320754716,
    "rank_disag_win_given_disagree": 0.2830188679245283,
    "overall_proj_advantage": 0.636,
    "overall_rank_advantage": 0.45599999999999996,
    "mean_useful_fraction": 0.3225281727980744
  },
  "d4_k1": {
    "d": 4,
    "k": 1,
    "n_instances": 500,
    "agree_rate": 0.328,
    "disagree_rate": 0.6719999999999999,
    "proj_cart_win_given_disagree": 1.0,
    "rank_cart_win_given_disagree": 0.6815476190476191,
    "rank_disag_win_given_disagree": 0.31845238095238093,
    "overall_proj_advantage": 0.6719999999999999,
    "overall_rank_advantage": 0.45799999999999996,
    "mean_useful_fraction": 0.24173779175307125
  },
  "d6_k1": {
    "d": 6,
    "k": 1,
    "n_instances": 500,
    "agree_rate": 0.3,
    "disagree_rate": 0.7,
    "proj_cart_win_given_disagree": 1.0,
    "rank_cart_win_given_disagree": 0.6142857142857143,
    "rank_disag_win_given_disagree": 0.38571428571428573,
    "overall_proj_advantage": 0.7,
    "overall_rank_advantage": 0.43,
    "mean_useful_fraction": 0.1754904997732783
  },
  "d8_k1": {
    "d": 8,
    "k": 1,
    "n_instances": 500,
    "agree_rate": 0.266,
    "disagree_rate": 0.734,
    "proj_cart_win_given_disagree": 1.0,
    "rank_cart_win_given_disagree": 0.6158038147138964,
    "rank_disag_win_given_disagree": 0.38419618528610355,
    "overall_proj_advantage": 0.734,
    "overall_rank_advantage": 0.45199999999999996,
    "mean_useful_fraction": 0.19646830666280163
  },
  "d10_k1": {
    "d": 10,
    "k": 1,
    "n_instances": 500,
    "agree_rate": 0.25,
    "disagree_rate": 0.75,
    "proj_cart_win_given_disagree": 1.0,
    "rank_cart_win_given_disagree": 0.7093333333333334,
    "rank_disag_win_given_disagree": 0.2906666666666667,
    "overall_proj_advantage": 0.75,
    "overall_rank_advantage": 0.532,
    "mean_useful_fraction": 0.1747368623299483
  },
  "d12_k1": {
    "d": 12,
    "k": 1,
    "n_instances": 500,
    "agree_rate": 0.238,
    "disagree_rate": 0.762,
    "proj_cart_win_given_disagree": 1.0,
    "rank_cart_win_given_disagree": 0.6771653543307087,
    "rank_disag_win_given_disagree": 0.3228346456692913,
    "overall_proj_advantage": 0.762,
    "overall_rank_advantage": 0.516,
    "mean_useful_fraction": 0.17031296344396468
  },
  "d15_k1": {
    "d": 15,
    "k": 1,
    "n_instances": 500,
    "agree_rate": 0.27,
    "disagree_rate": 0.73,
    "proj_cart_win_given_disagree": 1.0,
    "rank_cart_win_given_disagree": 0.726027397260274,
    "rank_disag_win_given_disagree": 0.273972602739726,
    "overall_proj_advantage": 0.73,
    "overall_rank_advantage": 0.53,
    "mean_useful_fraction": 0.16486411035926285
  },
  "d3_k2": {
    "d": 3,
    "k": 2,
    "n_instances": 500,
    "agree_rate": 0.588,
    "disagree_rate": 0.41200000000000003,
    "proj_cart_win_given_disagree": 1.0,
    "rank_cart_win_given_disagree": 0.6844660194174758,
    "rank_disag_win_given_disagree": 0.3155339805825243,
    "overall_proj_advantage": 0.41200000000000003,
    "overall_rank_advantage": 0.28200000000000003,
    "mean_useful_fraction": 0.6724509288564204
  },
  "d4_k2": {
    "d": 4,
    "k": 2,
    "n_instances": 500,
    "agree_rate": 0.448,
    "disagree_rate": 0.552,
    "proj_cart_win_given_disagree": 1.0,
    "rank_cart_win_given_disagree": 0.6521739130434783,
    "rank_disag_win_given_disagree": 0.34782608695652173,
    "overall_proj_advantage": 0.552,
    "overall_rank_advantage": 0.36000000000000004,
    "mean_useful_fraction": 0.5007335329855632
  },
  "d6_k2": {
    "d": 6,
    "k": 2,
    "n_instances": 500,
    "agree_rate": 0.402,
    "disagree_rate": 0.598,
    "proj_cart_win_given_disagree": 1.0,
    "rank_cart_win_given_disagree": 0.6488294314381271,
    "rank_disag_win_given_disagree": 0.3511705685618729,
    "overall_proj_advantage": 0.598,
    "overall_rank_advantage": 0.388,
    "mean_useful_fraction": 0.340179567980333
  },
  "d8_k2": {
    "d": 8,
    "k": 2,
    "n_instances": 500,
    "agree_rate": 0.31,
    "disagree_rate": 0.69,
    "proj_cart_win_given_disagree": 1.0,
    "rank_cart_win_given_disagree": 0.6318840579710145,
    "rank_disag_win_given_disagree": 0.3681159420289855,
    "overall_proj_advantage": 0.69,
    "overall_rank_advantage": 0.436,
    "mean_useful_fraction": 0.2706949510976843
  },
  "d10_k2": {
    "d": 10,
    "k": 2,
    "n_instances": 500,
    "agree_rate": 0.304,
    "disagree_rate": 0.696,
    "proj_cart_win_given_disagree": 1.0,
    "rank_cart_win_given_disagree": 0.6954022988505747,
    "rank_disag_win_given_disagree": 0.3045977011494253,
    "overall_proj_advantage": 0.696,
    "overall_rank_advantage": 0.48399999999999993,
    "mean_useful_fraction": 0.2375697295644503
  },
  "d12_k2": {
    "d": 12,
    "k": 2,
    "n_instances": 500,
    "agree_rate": 0.286,
    "disagree_rate": 0.714,
    "proj_cart_win_given_disagree": 1.0,
    "rank_cart_win_given_disagree": 0.6554621848739496,
    "rank_disag_win_given_disagree": 0.3445378151260504,
    "overall_proj_advantage": 0.714,
    "overall_rank_advantage": 0.46799999999999997,
    "mean_useful_fraction": 0.22006819575173797
  },
  "d15_k2": {
    "d": 15,
    "k": 2,
    "n_instances": 500,
    "agree_rate": 0.274,
    "disagree_rate": 0.726,
    "proj_cart_win_given_disagree": 1.0,
    "rank_cart_win_given_disagree": 0.7052341597796143,
    "rank_disag_win_given_disagree": 0.29476584022038566,
    "overall_proj_advantage": 0.726,
    "overall_rank_advantage": 0.512,
    "mean_useful_fraction": 0.19992232403749077
  }
}